,linear_regression,RandomForestRegressor,KernelRidge,BayesianRidge,ElasticNet,GradientBoostingRegressor,SGDRegressor
0,2067825.6822356447,1875270.5764061352,942991.7969675213,2067825.6822358505,895090.1772103035,2010056.724542,1664547.135842384
1,959.9688147222499,920.5428794233111,602.0937489025674,959.9688147223358,595.7939909868164,949.0666367775143,856.5997711936099
2,0.0028917929679568187,0.002673142498202237,0.3409178851240892,0.0028917929679583287,0.0020627616392403696,0.0030570782162778537,0.002285597827853318
3,1437.9936308049646,1369.4051907328726,971.0776472391491,1437.9936308050362,946.0920553573545,1417.7646929381476,1290.1732968258118
4,0.05377539370341066,0.05170244189786627,0.5838817389883753,0.0537753937034247,0.045417635773346565,0.05529085110827879,0.04780792641239858
5,0.9927240441077575,0.993401578229167,0.9966819414322854,0.9927240441077567,0.9968504904910938,0.9929273128802322,0.9941430403708625
